HotelCode, City, Latitude, Longitude, Star Rating, TripAdvisor Rating
724,melrude,47.2455556,-92.4169444,3,3.5
463,fancy,36.3663889,-88.6544444,4,4
704,sturry,51.283333,1.116667,3,4.5
217,edmiston,36.7788889,-119.5394444,2,4
570,lackawaxen,41.4819444,-74.9863889,4,3.5
757,west jonesport,44.5288889,-67.6216667,4,4.5
428,ewart,41.6411111,-92.6102778,4,4
565,adelaide,47.65,-122.0875,4,4
487,woods lake,43.8522222,-74.9516667,3,3.5
199,pidek keren,6.8727778,158.3147222,2,3
204,green hill forest,38.9147222,-78.1466667,3,4.5
765,mars hill downs,34.0288889,-84.6805556,3,4
298,aiea,21.3822222,-157.9336111,2,3
45,hickory hall plantation,32.8341667,-80.0736111,4,4
173,wath,53.5,-1.35,4,3.5
517,jersalem hill,42.9775,-75.1463889,4,4
462,erie junction,41.2430556,-78.7738889,3,4
232,wynnedale,39.8311111,-86.1975,4,3.5
242,eldton,37.7261111,-122.4483333,2,3.5
325,llantood,52.033333,-4.7,2,3.5
661,acree,31.5552778,-83.9961111,3,4.5
14,klingers,41.7930556,-85.5261111,2,3.5
411,waltersville,32.3794444,-90.8677778,4,4
35,hooverhurst,40.8047222,-78.8552778,5,4.5
144,foundry,43.2516667,-70.8552778,4,4
212,locust manor mobile home park,40.1741667,-76.8283333,4,4.5
962,kullituklo,33.8519444,-94.7219444,4,4.5
678,camp branch,33.9083333,-79.8180556,4,4.5
523,muniz,26.2561111,-98.0891667,4,4
742,chimney lakes,34.0313889,-84.4244444,4,4.5
32,crimson,40.7416667,-82.3966667,4,4.5
95,riva farms,38.9513889,-76.5908333,4,4.5
919,notichtown,35.5766667,-95.0913889,4,4.5
667,allsboro,34.6941667,-88.1102778,3,4
520,judice,30.1811111,-92.1416667,5,4.5
829,lanier heights,34.9952778,-81.9080556,4,4.5
956,sable woods,39.5097222,-76.3261111,5,5
311,stone station,34.8461111,-81.9255556,3,3.5
519,keefe,36.3355556,-89.4419444,2,3
293,canawaugus,42.9269444,-77.7797222,4,4.5
145,skunk river,40.7266667,-91.2005556,4,4
461,windermere woods,33.5708333,-84.4394444,4,4.5
836,ojo sarco,36.1225,-105.7827778,4,4.5
664,irons,44.14,-85.9158333,4,4.5
193,bon air estates,40.6602778,-81.1305556,4,4
42,bass river,39.5925,-74.4430556,4,4
548,falcon lake,26.8713889,-99.2552778,2,3
914,woodridge,37.8969444,-78.4363889,3,3.5
583,west summerville,34.4725,-85.3694444,3,4
399,germoe,50.116667,-5.383333,4,4
684,ali molina,31.9,-111.7736111,4,4.5
168,orkney springs,38.7952778,-78.8147222,3,4
123,hornton,52.083333,-1.416667,3,3.5
646,mount eaton,40.6944444,-81.7033333,3,4
556,old eucha,36.3447222,-94.945,4,4.5
48,old ford acres,33.53,-84.4733333,3,4
241,ludwig,38.235,-90.4188889,2,2.5
332,dobrowolski,28.8925,-98.6425,3,3.5
107,applegarth town,55.133333,-3.4,4,3
21,barview,43.3544444,-124.3119444,4,4
999,chestnut mountain,34.1725,-83.8380556,2,3
118,glen summit,41.1461111,-75.8605556,4,4
230,herrera,35.1922222,-107.1141667,4,4
468,verplanck,41.2527778,-73.9602778,2,3.5
443,pantera,28.9872222,-103.2036111,4,3.5
214,mud center,37.9558333,-87.6286111,3,3
965,inis ceithlann,54.366667,-7.633333,4,4
917,corner of the pines,41.8386111,-73.3288889,4,3.5
627,cockatoo grove,32.6430556,-116.9830556,2,3.5
275,nitrate city,34.7572222,-87.5597222,3,3.5
329,brummel,39.6027778,-76.9213889,2,3.5
512,amqui,36.2761111,-86.7091667,2,3.5
394,bradwood,46.1969444,-123.4377778,2,3.5
984,camp taylor,38.1955556,-85.7155556,1,3
283,fort mudge,31.0641667,-82.1866667,2,3
518,oquawka,40.9319444,-90.9469444,4,4
91,alfont,39.9513889,-85.8147222,3,4.5
810,pleasant union,39.7636111,-78.8702778,2,2.5
15,conimicut,41.7241667,-71.3833333,4,4
389,atlasburg,40.3411111,-80.3830556,4,4
465,pocataligo,34.1997222,-83.2847222,4,3.5
420,clarks bridge,34.3638889,-83.785,4,4.5
146,venedy,38.395,-89.6458333,4,4.5
750,troy junction,38.7344444,-89.9280556,5,4.5
78,pontsenni,51.933333,-3.566667,4,4.5
975,shawford,51.016667,-1.316667,4,5
299,peachtree station,33.9791667,-84.2338889,3,3
716,dryville,40.4641667,-75.75,3,4
418,gerrish corner,43.2658333,-71.6983333,3,3.5
125,leisure point mobile home park,38.6311111,-75.1616667,4,4
820,watkins village,34.7025,-77.3511111,3,4
729,overlea,39.3633333,-76.5208333,4,4
799,hyman,32.1380556,-101.1347222,4,4
292,windbrook,38.7172222,-76.9455556,5,4
460,oxnam,55.45,-2.483333,5,4.5
391,creston flats,38.9444444,-81.24,5,4.5
46,war creek,37.5963889,-83.4866667,5,4.5
713,westwood village,29.4094444,-98.6325,5,4.5
467,burnham deepdale,52.983333,0.716667,5,4.5
618,port royal landing,32.3963889,-80.6811111,5,4.5
539,salisbury acres,32.9875,-80.1955556,4,4
912,alii kai,19.6155556,-155.9780556,4,4
852,hauser,43.4930556,-124.2175,4,4
731,parsley crossing,31.5675,-98.1119444,4,4
562,blue grass,38.5,-79.55,4,4
149,fairlee,38.8736111,-77.2716667,5,4.5
287,chilesburg,37.9994444,-77.5927778,5,4.5
895,gilbreth,32.8961111,-95.5594444,4,4.5
842,lepageville,32.0716667,-81.0591667,4,4.5
588,btangech iterchobei,7.4288889,134.4816667,4,3.5
456,bishop caundle,50.916667,-2.416667,4,4.5
419,dorans,39.5511111,-88.3444444,5,4.5
870,arredondo estates,29.6047222,-82.4163889,3,4
174,tweedmouth,55.75,-2,4,5
797,bannfoot,54.5,-6.516667,4,4.5
755,hallow,52.216667,-2.25,4,4
297,pinehurst acres,35.3147222,-81.5305556,4,4
354,klingers,41.7930556,-85.5261111,4,4.5
327,arrow rock,39.0697222,-92.9463889,4,4.5
896,skipton,38.8952778,-76.0591667,5,5
16,shailerville,41.4708333,-72.4958333,4,4.5
376,kishacoquillas,40.6375,-77.6627778,4,4.5
160,dale enterprise,38.4544444,-78.9397222,4,4.5
790,boyd,44.9519444,-91.0347222,4,4.5
677,ashwater,50.733333,-4.283333,4,4.5
641,coppull,53.616667,-2.65,4,4.5
128,lamoine corner,44.4777778,-68.3458333,4,4
997,anna bella estates,33.7986111,-84.6708333,3,4.5
119,meseiku,7.3308333,151.8369444,4,4.5
246,beamington,39.6708333,-89.5916667,4,4.5
746,delaware city,39.5777778,-75.5891667,4,4
654,north sanbornton,43.5519444,-71.61,4,3.5
191,swissmont,41.4766667,-78.4877778,3,3
602,de funiak springs,30.7208333,-86.1152778,3,3.5
996,north hickory,35.7780556,-81.3238889,4,4.5
270,massengill mill,36.2055556,-83.5561111,3,4
738,widen,38.4661111,-80.8575,2,3
115,adamson,34.9238889,-95.5469444,4,4.5
951,naburn,53.9,-1.083333,4,4.5
555,lighthouse landing,32.1819444,-80.7391667,4,4
406,cornhill,57.6,-2.7,4,4.5
371,mill stone estates,39.6716667,-76.3263889,4,4.5
249,bertrandville,29.7747222,-90.0169444,4,4.5
227,marylee,33.9791667,-87.1916667,4,4.5
979,charleston springs,40.2005556,-74.3736111,5,4
179,london borough of tower hamlets,51.52065,-0.036489,4,4
122,orrick,39.2127778,-94.1225,4,4.5
436,brookgate,33.7158333,-78.9625,4,4.5
834,east guldeford,50.95,0.75,4,4
356,talleys crossing,36.1341667,-80.1180556,4,4.5
621,seahurst,47.4694444,-122.3608333,4,4.5
928,gouglersville,40.2736111,-76.0194444,4,4
369,volcan,18.4111111,-66.1852778,3,3.5
40,steam corners,40.6811111,-82.6644444,3,3.5
226,worlaby,53.6,-0.466667,4,4
923,teatersville,37.6888889,-84.5069444,3,4
828,delcambre,29.9480556,-91.9886111,2,4
138,wolfe mill,39.6733333,-78.725,2,3.5
314,macheche village subdivision,13.5036111,144.8411111,3,4.5
395,hokes bluff,33.9980556,-85.8663889,4,4
172,milton of balgonie,56.183333,-3.1,2,4
234,lagonda,39.935,-83.7763889,3,4
4,witting,29.51,-97.0555556,2,3
488,ivystone farms,39.7672222,-74.9055556,4,4
822,byrdville,34.3177778,-78.3113889,5,4.5
725,manistique,45.9577778,-86.2461111,4,4
911,ocean way estates,38.5366667,-75.0808333,4,3.5
883,vincen,39.5463889,-80.7833333,3,4
943,lyon park,38.8805556,-77.0905556,3,3.5
730,redwood village,35.5811111,-82.5186111,2,3
330,townhill,56.083333,-3.433333,5,4.5
744,clover leaf lakes,39.4702778,-74.7108333,4,4.5
18,south bellingham,48.7191667,-122.4886111,3,3.5
843,strongs corner,46.3461111,-84.9691667,4,3.5
132,meadows at mutton hollow condominium,41.0461111,-111.9444444,3,3.5
808,dixiana,37.0272222,-82.6697222,3,4
383,lodore,37.4391667,-78.0227778,3,3
645,bay hill,28.4677778,-81.5163889,3,4
768,beemerville,41.2105556,-74.6919444,4,4
653,temora lake estates,36.2011111,-80.2586111,3,4
613,shadowmoor,33.5133333,-82.1388889,5,5
722,burnips,42.7319444,-85.8394444,4,4.5
878,sprole,48.1072222,-105.0627778,4,4
425,withycombe,51.160556,-3.409722,3,3.5
809,pimaco two,31.9505556,-110.4519444,2,3
573,fairfield farms,33.8930556,-84.0111111,4,4
339,bowens,38.4952778,-76.6225,2,3
826,cranes mill,29.9205556,-98.29,4,4
186,aquilino,18.2577778,-67.1191667,5,5
783,cross way,37.3713889,-93.0555556,5,5
262,lake lodge,40.4205556,-80.7477778,4,4
210,landsdown,35.2936111,-81.4655556,5,5
652,statham,33.965,-83.5966667,3,4
516,gambill,39.0488889,-87.2597222,4,4.5
758,briary,31.0444444,-96.8916667,4,4.5
313,elmdale,32.4305556,-99.6394444,4,4
498,lissie,29.5558333,-96.225,5,5
243,south wawona,37.5425,-119.6438889,5,5
322,banfield,40.6363889,-79.6058333,4,4.5
998,winchcomb,51.95,-1.966667,4,4
93,polmood,55.533333,-3.4,4,4
416,stanley corners,42.2175,-85.1377778,4,4.5
256,birdlip,51.816667,-2.1,4,4.5
358,mill run,38.1619444,-78.4791667,4,4.5
28,delle bourne,38.1380556,-76.3958333,3,4.5
905,royal town,18.3677778,-66.1722222,5,4.5
266,murad,32.4958333,-80.8702778,4,4.5
763,maabuuq,9.5222222,138.1166667,4,4
586,fish creek,45.1277778,-87.2469444,4,4.5
504,helmick,40.3916667,-81.9411111,5,5
92,killough,54.25,-5.633333,4,4.5
264,womersley,53.666667,-1.2,5,4.5
269,sequoia national park,36.5641667,-118.7727778,2,3
651,aurora hills,38.8513889,-77.0644444,4,4.5
980,torwoodlee,55.633333,-2.833333,4,4.5
273,mace addition,39.0180556,-80.4138889,4,3.5
274,maize,37.7791667,-97.4669444,3,4
74,nickleville,41.275,-79.6477778,3,4.5
248,lennington,44.8580556,-71.5513889,4,4.5
286,acton turville,51.524444,-2.278333,3,4
599,middle ridge,43.8008333,-90.9466667,4,4
77,hixon,35.4463889,-85.8094444,5,4.5
381,latanier,31.2019444,-92.3561111,4,3.5
764,benmore,31.2452778,-88.9177778,4,4.5
578,timothy heights,41.7391667,-73.8386111,4,4
129,brinkworth,51.55,-1.983333,4,4
780,willow creek view,40.6069444,-111.7994444,5,4.5
795,velazquez,17.9752778,-66.4172222,4,4
221,wye river farms,38.95,-76.1625,5,5
850,old annapolis neck,38.9430556,-76.4911111,4,4.5
434,spruce pine,36.3869444,-83.2136111,4,3.5
328,emden,47.1047222,-118.1216667,4,4.5
100,temple ewell,51.15,1.266667,3,3.5
44,lottridge,39.2272222,-81.8975,4,4
894,center bridge,40.4002778,-74.98,3,3.5
407,wheelock mill,46.9994444,-68.8972222,3,4
595,lavilla,47.6972222,-122.2738889,3,3.5
239,hobbie,41.0766667,-76.0766667,3,3
712,kesh,54.533333,-7.716667,4,4.5
721,firbeck,53.383333,-1.15,4,4.5
449,ligoniel,54.616667,-5.983333,4,3.5
593,greggs,39.0713889,-82.9575,4,4
564,unadilla,42.3252778,-75.3127778,5,4.5
23,tuskegee,35.6530556,-96.2808333,3,3.5
69,meins landing,38.1397222,-121.9061111,4,4
647,donovan development,38.9055556,-75.4469444,4,4
528,thuroy,36.505,-92.2027778,4,4.5
318,whaley,36.5913889,-76.67,4,4
301,ohlman,37.4263889,-91.1152778,4,4
319,sandlick,37.3391667,-81.2202778,3,0
825,animas forks,37.9311111,-107.5708333,4,4
255,goshen plantation,33.3152778,-81.9847222,4,3.5
847,ringville,42.3694444,-72.9102778,3,4.5
206,foxpark,41.0794444,-106.1519444,5,5
735,emathia,29.2825,-82.2922222,3,4.5
396,estill springs,35.2705556,-86.1280556,4,3.5
397,hoicks hollow,41.2875,-69.9722222,4,4
969,lingo,33.7883333,-103.1141667,4,4
594,villa nueva,25.9505556,-97.5558333,4,4
671,california furnace,40.1916667,-79.2083333,4,4.5
682,west bolton,44.4455556,-72.8983333,5,4.5
229,larga vista,27.4986111,-99.4297222,4,4.5
113,star hill,39.1052778,-75.5408333,4,4.5
941,columbia lakes,39.9347222,-75.0052778,4,4
218,nassau shores,40.6619444,-73.4405556,4,4.5
480,dunns bridge,41.2255556,-86.9738889,4,4
187,whittaker,38.0775,-81.3802778,4,4.5
967,bannerville,40.7322222,-77.3480556,4,4.5
577,weches,31.5438889,-95.2275,3,3.5
554,herrington manor,39.4527778,-79.4533333,4,4
351,old brownfield,37.3588889,-88.5963889,4,4.5
916,abrams,44.7791667,-88.0597222,4,5
459,five oaks,37.1494444,-81.4888889,4,4.5
801,rayville,47.0444444,-123.3161111,4,4.5
362,cherrydale west,37.6275,-77.3272222,4,4.5
473,witchingham,52.733333,1.116667,4,4.5
194,cherry beach,42.6847222,-82.5097222,4,4.5
649,fireside park,39.9780556,-76.7519444,4,4
830,bateman place,40.6236111,-121.7375,4,4.5
446,mason dixon estates,39.7191667,-76.8033333,4,4.5
349,witting,29.51,-97.0555556,4,4.5
102,halltown,39.3138889,-77.7980556,3,4
501,chestnut springs,35.1741667,-82.4033333,3,4
181,richeyville,40.0533333,-80.0022222,3,4
359,marshall ford,30.3916667,-97.8883333,3,4
675,greentree corners,39.4625,-84.2672222,3,3.5
9,kingsland acres,37.4052778,-77.4527778,3,4
154,la cumbre,18.3619444,-66.0761111,3,4
762,brede,50.916667,0.6,3,3.5
514,snumshire,43.2483333,-72.4158333,3,4
505,jonesboro junction,35.8786111,-90.5988889,3,3.5
474,hepburnville,41.3047222,-77.0672222,3,4.5
134,kensington view,39.0397222,-77.06,4,4.5
295,severn,37.2941667,-76.4158333,3,3.5
363,heydon,52.8,1.133333,3,3
938,rardin,39.6041667,-88.1016667,4,4.5
592,fife lake,44.5769444,-85.3505556,3,4
534,wauna,47.3791667,-122.6413889,4,4.5
707,vevay,31.9186111,-106.7594444,3,3.5
464,thorganby,53.85,-0.95,4,4.5
334,croft,33.6222222,-81.7011111,4,4.5
608,big stone gap,36.8816667,-82.7472222,4,4
584,old callaway,30.1433333,-85.5716667,2,3.5
732,mansura,31.0577778,-92.0488889,2,3
440,elm beach,42.7011111,-76.745,3,3.5
547,baker bridge,42.4277778,-71.3369444,3,3.5
370,cedar bushes,41.8972222,-70.55,4,4.5
26,esty,38.015,-80.3830556,3,3
991,ettrick,44.1683333,-91.2688889,3,4
382,rossignol hill,32.0952778,-81.1486111,3,4
300,keowee,34.3869444,-82.4255556,4,4
343,raddin station,42.4597222,-70.9791667,3,3
345,nickel,29.5552778,-97.2186111,4,4.5
861,san leanna,30.1455556,-97.8177778,4,4
353,daspit,30.0405556,-91.8002778,5,5
610,montclair terrace,33.6305556,-111.9925,4,4.5
903,bugthorpe,54,-0.816667,3,4
472,reelsboro,35.1338889,-76.9136111,4,4.5
691,briar manor,40.2116667,-74.6588889,3,4
142,chato,34.6308333,-106.3483333,5,4.5
915,caprivi,40.2438889,-77.2319444,4,4
52,alum,29.295,-97.9644444,3,4.5
700,oppelo,35.1011111,-92.7675,4,4.5
687,beeford,53.966667,-0.266667,5,4.5
372,la grue springs,34.2077778,-91.2116667,4,4.5
972,luthrie,56.35,-3.083333,5,4.5
6,allen jay,35.9238889,-79.9655556,4,4.5
403,plummer point,44.0875,-88.6291667,3,3.5
306,redman corners,43.2461111,-77.9641667,4,4.5
190,corwin springs,45.1130556,-110.7891667,4,4.5
265,plimptonville,42.1597222,-71.2375,5,4.5
929,inkerman,39.1380556,-78.7688889,5,4.5
240,calypso,35.1536111,-78.1055556,3,4
401,highpoint forest,33.8833333,-84.3638889,4,4
453,douglynn farms,38.3977778,-75.175,4,4.5
955,wexford plantation,32.1666667,-80.7638889,4,4.5
307,hodges,38.3625,-82.4288889,4,4.5
711,boleskine,57.283333,-4.466667,4,4.5
388,saint george island,38.12,-76.4838889,4,4.5
153,conroe,30.3116667,-95.4558333,5,4.5
305,skeen,33.0633333,-101.7866667,4,4.5
278,belle farm estates,39.3722222,-76.7569444,4,4.5
939,new market west,39.3886111,-77.2808333,4,4
525,reeder,40.3533333,-74.9811111,3,4.5
545,communipaw,40.7086111,-74.0613889,3,4
759,indian bend,33.1408333,-85.1138889,4,4
745,mammen,42.8513889,-96.2919444,4,4.5
756,augusta springs,38.1019444,-79.3183333,4,4.5
378,levesque,35.2491667,-90.7105556,4,4.5
865,rainbow valley,33.2319444,-112.3863889,3,4.5
215,peck corner,41.7577778,-71.3408333,4,4.5
222,polegate,50.8,0.233333,4,4.5
497,west chevy chase heights,38.9925,-77.0875,4,4
390,eccles,44.1383333,-107.9077778,4,5
957,ellis,44.5752778,-89.4463889,4,4
690,winrock farms,34.5155556,-96.8394444,3,4.5
926,goulds,41.9258333,-75.0836111,4,4.5
252,monmouth hills,40.4030556,-74.0022222,3,3
454,thermo,38.2144444,-113.1708333,4,4.5
609,tucker springs,35.1113889,-84.9641667,3,4
854,pohnkalangi,6.9527778,158.2005556,3,4
574,epsilon,45.3627778,-84.8019444,4,4.5
236,middletown heights,39.4577778,-77.5597222,3,3.5
580,iditarod,62.5444444,-158.0952778,4,4
340,jordan junction,43.385,-100.0288889,3,3.5
225,warner junction,33.8013889,-96.5355556,4,4
126,ouaquaga,42.1261111,-75.6475,3,3.5
121,graf,42.4930556,-90.8711111,2,2.5
166,swan falls,43.2416667,-116.3733333,2,2.5
591,south beach,47.575,-122.5066667,2,3.5
680,tiflis,47.0694444,-119.0575,5,5
197,lanishen,51.525,-3.201667,4,4
244,reeds mill,40.36,-80.7486111,4,4.5
12,stittville,43.2230556,-75.2886111,4,4.5
148,guaraguao,18.1272222,-66.6705556,4,4.5
105,leadwood,37.8672222,-90.5930556,3,3.5
439,lake arthur,32.9980556,-104.3661111,5,4.5
433,watchman residential area,37.2033333,-112.9791667,4,4.5
611,cedarwood estates,39.3791667,-76.7347222,3,4
612,eddington gardens,40.0991667,-74.9555556,5,4.5
942,des glaise,30.3772222,-91.6019444,4,4.5
75,eightmile,45.2555556,-119.815,5,5
945,east trenton heights,40.2586111,-74.7102778,4,4.5
315,genung corners,41.7897222,-81.0488889,4,4.5
120,covel corner,42.7494444,-77.3636111,4,4
633,platt,31.4147222,-94.6080556,5,5
542,hermitage park,39.0794444,-77.0641667,4,4
402,grays hill,32.4933333,-80.7425,4,4.5
982,bendersville,39.9825,-77.2497222,4,4.5
925,leotis,34.0672222,-88.7433333,4,4.5
598,melones sunset lake estates,37.9658333,-120.4747222,4,4
977,rockdale acres,41.7669444,-79.9238889,4,4
660,aleknagik,59.2730556,-158.6177778,4,4
832,sugarloaf,44.0266667,-91.6230556,4,4
30,east saginaw,33.2852778,-86.6575,4,4.5
458,carloover,37.9241667,-79.8888889,4,4
276,bingamon,39.4638889,-80.3394444,5,4.5
213,calvert heights,39.2186111,-76.0791667,4,4
921,shady rest,35.0019444,-85.1388889,5,4.5
930,kui tatk,32.0383333,-112.0805556,4,4.5
338,puddletrenthide,50.783333,-2.416667,4,4.5
324,marmalade condominium,40.7772222,-111.8922222,3,4
72,takitezy,41.4133333,-79.9197222,3,4
869,rosholt,44.6277778,-89.3086111,4,4
866,lime village,61.3563889,-155.4355556,3,4.5
423,purfleet,51.483333,0.233333,5,4.5
689,linden hill,40.7155556,-73.9238889,2,3
282,harbert landing,34.6536111,-90.5572222,3,4.5
165,fisher park,36.0797222,-79.7902778,3,4
607,washington town,33.0958333,-80.1805556,2,2.5
579,maxey town,31.4433333,-94.1225,4,4
39,flush,39.2944444,-96.4402778,4,4.5
326,trimley heath,51.983333,1.316667,3,4
793,woodward square,39.3188889,-76.4702778,2,3.5
477,roberta mill,35.3572222,-80.6361111,2,2.5
260,veteran heights,38.5741667,-122.435,3,4
814,candor,40.3919444,-80.3091667,2,3.5
398,marlene village,45.5169444,-122.8177778,2,4
373,happisburgh,52.816667,1.566667,3,3.5
536,moneymore,54.7,-6.683333,3,3.5
864,lake catherine,30.1141667,-89.7091667,3,4
937,feezor,35.6883333,-80.2691667,3,4
779,walberdeswyk,52.3,1.683333,4,4
639,short pump,37.6502778,-77.6127778,4,4
537,red falls,42.3094444,-74.3911111,3,4
161,south down shores,38.9383333,-76.5708333,3,3.5
560,farmers hill,33.9244444,-95.0172222,4,4
384,meador grove,31.2852778,-97.4566667,4,4.5
33,apple valley estates,36.1477778,-85.5527778,4,4
155,cruden bay,57.416667,-1.833333,3,4.5
897,arncliffe,54.133333,-2.1,5,4.5
531,james byrnes estates,32.4763889,-80.6369444,4,4.5
202,war creek,37.5963889,-83.4866667,4,4.5
910,oklee,47.8391667,-95.8541667,4,4
726,baylis,39.7283333,-90.9080556,4,4.5
622,sarre,51.333333,1.233333,4,4
550,wood trap,34.6077778,-112.7988889,4,4
22,station hills,38.8005556,-77.3441667,4,4
899,raemoir,57.083333,-2.5,4,4
111,red sulphur springs,35.0069444,-88.2375,4,4.5
127,crocus,48.7088889,-99.1611111,4,4
995,ruble,37.1483333,-90.8961111,4,4.5
740,noon,48.8041667,-122.3972222,5,4.5
741,portland,43.1988889,-88.9747222,3,3.5
27,forbes wharf,42.2666667,-71.0608333,4,4
927,villa park,40.1436111,-74.0425,4,4.5
858,gretna,36.9536111,-79.3591667,4,4.5
558,phenix city,32.4708333,-85.0008333,3,4.5
868,west de pere,44.4455556,-88.0752778,5,4.5
948,mccondy,33.8222222,-88.8425,5,4.5
10,rutter,32.0213889,-106.8744444,5,4.5
365,benedict smiths,38.1319444,-76.3925,4,4.5
484,fox hall park,36.8719444,-76.2213889,4,4.5
509,lawyerdale estates,39.1047222,-84.3516667,4,4
250,grayson valley,33.6480556,-86.6394444,5,0
335,cedar creek,43.3397222,-88.2227778,3,4
130,boyds creek,35.9233333,-83.6591667,4,4.5
2,abergynolwyn,52.633333,-3.95,5,5
96,achfarrie,58.3,-4.916667,4,4
619,north springbrook,39.0688889,-77.0116667,4,4.5
964,rippling estates,39.1322222,-76.6313889,4,4.5
56,maiden bradley,51.15,-2.283333,2,3
99,apache grove,32.8697222,-109.1897222,4,4
80,duff settlement,32.9161111,-87.2216667,4,4
196,booktown,41.3888889,-83.1080556,3,4.5
871,north loma linda,34.0711111,-117.2561111,4,4
59,rough and ready,40.6794444,-76.6280556,2,3
228,killetter,54.666667,-7.683333,4,4
821,centerview,35.2852778,-88.1736111,4,4
167,dermott,32.8544444,-101.0152778,2,3.5
87,terra oaks,34.8736111,-82.3125,3,4.5
944,isenberg,33.3747222,-90.9094444,3,4
582,aylmerton,52.9,1.25,3,3.5
471,ballentine landing,34.1122222,-81.245,4,4.5
857,mount vernon estates,39.6972222,-76.3013889,2,3
798,troy hills,40.8527778,-74.3925,2,3
770,everhill,33.3852778,-84.5538889,5,5
182,joesphine,39.0941667,-121.8,4,4
109,montra,40.4319444,-84.095,4,4
559,brownfields,30.5463889,-91.1205556,3,4
208,fullview heights,39.2811111,-82.15,4,4
557,stowe fork,44.5022222,-72.7566667,4,3.5
81,meins landing,38.1397222,-121.9061111,4,4.5
873,wester urray,57.533333,-4.483333,4,4.5
410,ahtanum,46.5597222,-120.6208333,2,4
451,monohan,47.58,-122.0733333,3,4.5
629,piedmont mill,37.0936111,-79.8547222,3,4
601,south miami heights,25.5972222,-80.3808333,4,4
526,wissahickon,40.0172222,-75.2097222,4,4.5
893,fairfax forest,38.8611111,-77.2519444,4,4.5
659,underhill,44.8752778,-88.3844444,2,3.5
216,barrow bridge,52.6,-2.466667,4,4.5
775,skyline estates,39.3877778,-77.5116667,4,4.5
922,lock six,34.8483333,-87.5363889,3,3.5
835,pohakupu,21.3847222,-157.7541667,3,4.5
533,glen savage,39.9097222,-78.7827778,3,4.5
494,city and borough of bradford,53.833333,-1.833333,3,3.5
235,indian springs estates,40.6041667,-79.1816667,5,4.5
614,clayton ridge,33.5133333,-84.4191667,4,4
19,east rapids,41.96,-91.6391667,4,4.5
749,hillend reservoir,55.883333,-3.866667,2,4
760,ames cove,36.8611111,-76.4897222,3,4.5
198,nether kilmundy,57.483333,-1.916667,4,4
281,south newbald,53.8,-0.616667,4,4.5
177,neals run,39.4833333,-78.4966667,4,4.5
971,burwash,51,0.383333,4,4.5
699,newball,53.266667,-0.383333,3,4
669,westcote,51.866667,-1.683333,4,4
568,lebec,34.8416667,-118.8638889,5,5
486,miners creek,33.6527778,-84.1791667,4,4.5
259,saint teath,50.583333,-4.733333,4,4
310,northridge heights condominium,40.7755556,-111.8730556,4,4
769,fitz henry,40.1677778,-79.7561111,3,4
882,chelsea pines,39.1066667,-76.5255556,4,4.5
791,verona,44.74,-106.6688889,4,4
84,south valley stream,40.6558333,-73.7180556,4,4
778,bryant landing,30.4211111,-87.9102778,3,4
606,sansarc,44.5066667,-101.0344444,3,4
421,dalrymple corners,40.4022222,-82.61,4,4.5
632,dryad,46.6369444,-123.25,5,4.5
124,mount houmas,30.2019444,-91.0111111,4,4.5
901,arcott,36.52,-85.555,4,4.5
272,straitsville,39.5947222,-82.2458333,3,4.5
408,robeys farmlets,39.0930556,-76.8838889,3,3
348,whelford,51.683333,-1.75,4,4.5
863,south aberdeen,46.9688889,-123.8013889,4,3.5
404,fireside,41.2263889,-82.9119444,3,4
796,east prospect plantation,38.9222222,-76.1844444,3,3.5
303,spencers mill,35.9855556,-87.2302778,4,4.5
261,griffins crossroads,35.0169444,-80.22,4,4
350,markville,46.0919444,-92.3305556,3,4.5
170,coppess corner,40.745,-84.9569444,3,3.5
76,doral,25.8191667,-80.3555556,4,4
141,alamo hueco,31.4405556,-108.4269444,4,4.5
771,lower genegantslet corner,42.3033333,-75.8016667,4,4.5
960,hileman heights,40.4922222,-78.3938889,3,4
785,coa,54.4,-7.566667,4,4.5
438,north conyers farms,33.6875,-83.9091667,3,3.5
752,iva,34.3063889,-82.6638889,3,4.5
860,tag,35.5313889,-93.0413889,3,4.5
848,poages mill,37.1980556,-80.0566667,3,4
375,district of north east lincolnshire,53.533333,-0.083333,4,4
510,darboy,44.2433333,-88.3238889,4,4.5
637,racy,39.1386111,-81.2380556,2,2.5
506,chapman landing,45.7461111,-122.8394444,3,3.5
79,avon corner,44.8002778,-70.2661111,3,4
990,hoi oidak,32.3033333,-111.8713889,4,3.5
958,harbour point,37.4166667,-75.9547222,3,4
885,munjor,38.8111111,-99.2644444,2,3.5
162,newport-on-tay,56.433333,-2.916667,4,4
728,vineville,32.8441667,-83.66,4,4
263,canterbay estates,40.6541667,-111.8369444,2,3
392,wayne center,43.1508333,-76.9591667,4,4
587,flipping,37.3444444,-81.2661111,2,3.5
336,woodlands,39.8066667,-80.8172222,3,3.5
280,seabright,38.3780556,-75.1366667,4,4
106,millersview,31.4086111,-99.7552778,4,4.5
600,kingsbrook,39.3797222,-77.4288889,4,4
855,chesapeake heights on the bay,38.5666667,-76.5269444,3,4.5
920,lindgren acres,25.6702778,-80.4013889,3,4.5
816,high smerby,55.45,-5.533333,4,4
500,foxon,41.3244444,-72.8358333,4,3.5
34,dunwish,54.616667,-7.366667,5,4.5
309,forge ridge,36.5727778,-83.5802778,4,4.5
491,coon lake beach,45.3080556,-93.1558333,4,4.5
789,west milwaukee,43.0125,-87.9725,4,4.5
624,mulberry place,33.8277778,-84.9333333,4,4.5
71,shooting creek,35.0255556,-83.6669444,2,3
888,saratt,34.8958333,-81.5402778,4,4
802,milngavie,55.933333,-4.316667,3,4
761,boultham,53.216667,-0.566667,4,4.5
435,moore settlement,30.0444444,-94.6416667,4,4
743,hegira,36.7066667,-85.2761111,3,4.5
874,calumet city,41.6155556,-87.5294444,3,4
156,kirkconnel,55.383333,-4,3,4
254,harris hills,34.9919444,-85.1805556,2,4
837,hinton,37.6738889,-80.8894444,2,3
714,suburban acres,36.9063889,-76.2644444,4,4.5
294,clawdd-newydd,53.05,-3.383333,4,4
827,ganado,29.0402778,-96.5133333,4,4
422,sandymush,35.6725,-82.8113889,3,4
308,glynde,50.85,0.066667,4,4.5
674,severnview,39.0411111,-76.5227778,5,4.5
11,kingston springs,36.1019444,-87.115,4,4.5
493,cockshutt,52.85,-2.85,4,4.5
143,elk park,39.7619444,-79.4525,4,4
158,parishville center,44.6288889,-74.8902778,4,4.5
846,saint nazianz,44.0080556,-87.9222222,4,4
953,rocky hill,31.3475,-96.9483333,4,4.5
784,brentwood estates,35.1486111,-84.9125,4,4.5
417,lock haven,41.1369444,-77.4472222,4,4
205,stephen,33.5625,-88.5447222,4,4.5
970,weaverton,37.8155556,-87.5838889,4,4
952,bereah,27.6608333,-81.6258333,4,4.5
804,hidden shoals,33.5722222,-83.9988889,4,4.5
5,deronda,45.3036111,-92.4280556,4,4.5
987,carr branch,36.3897222,-83.7077778,4,4.5
904,new orleans,29.9544444,-90.075,4,4.5
237,cleobury north,52.483333,-2.566667,5,4.5
267,sunny level,32.9797222,-85.93,4,4
625,keelersville,30.7358333,-97.5180556,4,4.5
0,zangar junction,46.0755556,-118.8425,5,4
774,riddlesburg,40.1619444,-78.2547222,4,4
51,wahoo valley,34.3972222,-83.8763889,3,4
432,sonora,30.5666667,-100.6430556,4,4.5
43,minden,37.9758333,-81.1197222,4,4
152,fannett,29.9258333,-94.2505556,5,4.5
366,schollsville,37.9883333,-84.0408333,4,4.5
448,melcombe regis,50.613889,-2.452778,3,4
175,milners corner,39.9161111,-85.6922222,3,4.5
676,grieder,40.2136111,-77.3141667,5,4.5
368,mountain scene,34.8572222,-83.7222222,3,4
839,fabyan,44.2633333,-71.4588889,4,4.5
3,spring meadow,40.1561111,-78.5825,3,4
321,yolande,33.3066667,-87.1913889,3,4.5
469,walthall,37.3133333,-77.4080556,4,4
452,center moriches,40.8002778,-72.7902778,4,4.5
203,bloom junction,38.8058333,-82.6927778,4,4.5
521,bellona,42.7569444,-77.015,4,4.5
137,midway mills,37.6658333,-78.7225,3,4.5
344,pedernal,34.6355556,-105.6427778,4,4
483,vernon springs,43.35,-92.1380556,4,4.5
891,bennetts landing,32.8019444,-82.0436111,4,4.5
49,caps,32.3730556,-99.8466667,4,4.5
792,troweek,33.9288889,-109.06,4,4.5
553,harkeyville,31.2105556,-98.7852778,3,4.5
405,fort meigs place,41.5383333,-83.6513889,4,4.5
367,aird tong,58.233333,-6.333333,4,4.5
393,fidelity,37.0680556,-94.3130556,5,5
89,coolidge dam,33.1819444,-110.5258333,2,4
61,herts,51.833333,-0.25,4,4
630,neuchatel,39.5680556,-96.2016667,4,4
183,ceneda,35.3544444,-117.8963889,4,4
131,west beekmantown,44.7711111,-73.555,3,3.5
766,frazee,46.7280556,-95.7005556,4,4.5
909,windhams crossroads,34.2005556,-80.0338889,4,4.5
412,milltown of auchindown,57.433333,-3.066667,4,4
806,sevastopol,41.1291667,-86.0188889,4,4.5
7,west los angeles,34.0463889,-118.4472222,4,4
777,castle dome landing,32.965,-114.4627778,2,4
585,runaway bay,33.1677778,-97.8780556,5,4.5
253,slab city,44.7202778,-88.4455556,4,4.5
551,town and country west,39.2861111,-76.8152778,5,4.5
686,barber city,33.7588889,-118.0233333,4,4.5
1,margison,46.9169444,-68.1388889,4,4.5
271,boulevard heights,37.2880556,-77.4030556,4,3.5
379,bagnall,44.4272222,-85.7586111,4,4.5
566,factory hollow,42.8375,-73.4938889,3,4
666,hewett,37.9622222,-81.8522222,4,4.5
135,pueblo,36.8097222,-84.7083333,4,4.5
386,winchell,31.4719444,-99.1605556,3,4.5
950,north dinuba,36.5675,-119.3936111,4,4.5
136,alaufau,-14.1716667,-169.6788889,4,4.5
719,normal heights,32.7633333,-117.1219444,3,4
947,ritner,36.7925,-84.6311111,4,4.5
360,wilmington manor,39.6866667,-75.5847222,5,4.5
223,sangree,40.355,-76.8011111,4,4.5
66,camp wyman,38.5238889,-90.6680556,4,4.5
563,gillionville,31.5869444,-84.4333333,4,4.5
733,chickasaw run,38.4894444,-76.7616667,4,4.5
546,east buskirk,42.9444444,-73.4344444,4,4
540,yona,13.4097222,144.7733333,4,4
220,doctors inlet,30.1,-81.7763889,4,4.5
97,breezeway bay,34.505,-86.1888889,5,4.5
703,liverworth,36.4002778,-87.3263889,4,4
856,gemco,34.2091667,-118.4366667,3,4
409,ingleside on-the-bay,27.8291667,-97.2230556,3,4
224,searsburg,42.8902778,-72.9527778,4,4.5
347,east pensacola heights,30.4286111,-87.18,4,4
36,uphill,51.324167,-2.976944,4,4.5
549,south carlton,53.266667,-0.583333,4,4.5
946,missabe junction,46.7594444,-92.1283333,4,4.5
479,new valley,39.6555556,-76.1375,4,4.5
337,rillington,54.15,-0.7,4,4.5
171,blades corner,38.1222222,-77.6163889,4,4.5
658,keyrock,37.6302778,-81.5177778,4,4
63,ngemerdang,7.6719444,134.6269444,4,4.5
705,upperglade,38.4091667,-80.5069444,4,4.5
974,number nine,35.9877778,-89.8075,5,4.5
532,jajome,18.0652778,-66.1605556,4,4.5
13,munk,38.7755556,-84.6966667,4,4.5
717,hammonds promise,39.1272222,-76.8486111,4,4.5
251,sand brook,40.4691667,-74.9172222,4,4.5
993,fort florida,28.8675,-81.3547222,4,3
192,castle hill estate,32.8672222,-97.5155556,4,4.5
989,shell point,32.3833333,-80.7361111,4,4.5
709,hawthorne manor,38.5341667,-77.0152778,4,4.5
437,shadowland,33.5186111,-95.2822222,4,4.5
176,penney farms,29.9794444,-81.8105556,4,4.5
961,wilawana,41.9875,-76.6175,4,4.5
936,hester heights,34.5430556,-87.7088889,5,4.5
813,diamond bar,34.0286111,-117.8094444,4,4.5
147,lofthouse gate,53.716667,-1.5,4,4.5
867,viewcrest park,40.6166667,-111.8388889,4,4.5
513,treswell,53.3,-0.833333,4,4.5
279,milton damerel,50.866667,-4.3,5,4.5
62,la barr meadows,39.1747222,-121.0441667,4,4.5
966,belle fountain,43.6144444,-89.2633333,5,4.5
415,heafer,29.3433333,-98.5838889,4,4.5
543,south wayne,42.5688889,-89.8797222,4,4.5
877,webatuck,41.6541667,-73.5561111,5,4.5
159,mountain glen,37.5275,-89.2897222,4,4.5
470,great torrington,50.95,-4.15,2,4
672,belcherville,33.8025,-97.8319444,3,3.5
357,rynella,29.9463889,-91.8758333,3,4.5
29,plumbrook,44.8355556,-74.9072222,3,3
304,enloe,33.4327778,-95.6572222,3,4
430,bridgewood manor condominium,41.1147222,-112.0241667,4,4.5
219,shiro,30.6130556,-95.8880556,3,4
377,ball hill,32.3152778,-89.3558333,4,4
567,canterbury station,43.3286111,-71.6091667,3,4
900,northspur,39.4227778,-123.5508333,3,4
544,canoe ridge,40.8636111,-78.9361111,4,4
908,forest dale,37.3719444,-79.2472222,4,4
571,pontoosuc,42.4791667,-73.2458333,4,4.5
978,presley junction,35.1786111,-90.1872222,3,4.5
17,drawdy,32.8477778,-80.625,3,3.5
693,lords valley,41.3675,-75.0627778,4,4
887,mattawoman,38.6525,-76.8808333,5,0
906,corwins corners,41.9322222,-78.5813889,3,4.5
466,towaco,40.9219444,-74.3458333,4,4.5
898,saint aubert,38.65,-91.8563889,4,4
140,port costa,38.0463889,-122.1822222,5,4.5
643,heatherwood hills,35.8605556,-86.8627778,3,3
708,morgans corner,36.3680556,-96.2138889,5,4
734,sahalee,47.635,-122.0541667,4,4.5
818,sycamore hills,38.7008333,-90.3497222,3,4
331,cadnam,50.916667,-1.583333,4,4.5
284,quail walk,37.6744444,-77.4916667,4,4.5
617,pender,38.8705556,-77.3691667,4,4.5
88,ashbourne,40.0675,-75.1305556,4,4.5
195,south cornelau,51.51,-3.703056,5,4.5
892,carmel,44.4458333,-88.7980556,4,4
805,french hay,37.6869444,-77.4622222,4,4.5
108,vern,47.3038889,-95.2141667,4,4
638,mattoax,37.4269444,-77.8727778,5,4.5
628,benholm,56.8,-2.316667,4,4
685,compton wyniates,52.066667,-1.516667,5,4.5
374,meacham,36.1325,-89.3483333,5,5
695,river road terrace,37.2375,-77.4344444,4,4.5
623,manfred,47.6947222,-99.7477778,4,4.5
444,mcadoo heights,40.8916667,-75.9952778,3,4
231,aber,53.233333,-4.016667,4,4
178,east washington,40.1736111,-80.2377778,3,3.5
963,towson estates,39.3975,-76.5791667,3,4
739,dinterman,39.6319444,-77.2577778,4,4.5
931,gardners crossroads,37.8944444,-77.8477778,3,4.5
64,new virginia,41.2194444,-80.4063889,4,4.5
346,swedetown,40.6747222,-78.6991667,4,4.5
838,knott,32.4025,-101.6408333,4,4
101,bellefield,40.4472222,-79.9425,4,4.5
67,lackey town,35.6116667,-82.165,4,4
879,llanveynoe,51.966667,-3,4,4.5
85,churchover,52.416667,-1.25,5,5
94,browns landing,33.0491667,-81.545,5,4.5
597,claypool woods,41.3441667,-88.4,5,4.5
185,haselbury bryan,50.866667,-2.366667,4,4.5
538,pequannock,40.9522222,-74.2991667,4,4
189,pond eddy,41.4311111,-74.8233333,4,4.5
668,smiths landing,30.8947222,-84.7497222,4,4
431,six mile corner,46.9805556,-103.1902778,5,5
650,sidville,38.1280556,-84.2597222,4,4
211,punaluu kahawai,19.2508333,-155.6091667,4,3.5
447,howards ridge,36.5288889,-92.3319444,4,4
994,eastpointe on the mall,41.5969444,-83.4525,4,4
954,truax,44.8491667,-91.5691667,4,4.5
289,ojita,35.4986111,-105.245,4,4.5
58,hideaway mobile estates,33.2341667,-117.0569444,3,4
959,islesford,44.2619444,-68.2344444,4,4.5
364,hoopers mill,43.0966667,-88.8813889,4,4.5
112,spurrs corner,44.0563889,-70.5566667,4,4.5
824,borough of thurrock,51.505681,0.386213,3,3.5
747,basford,52.966667,-1.183333,4,4
662,dale abbey,52.933333,-1.35,4,3.5
692,tonto basin,33.8316667,-111.2938889,4,4.5
485,pueblito de ponce,18.4358333,-66.9677778,3,4.5
615,collier place,42.5791667,-116.2394444,4,4
875,lovell heights,35.8969444,-84.1291667,4,4.5
862,ryton on dunsmore,52.366667,-1.433333,4,4
104,plankton,40.9577778,-83.0938889,4,4.5
949,sudleys choice,38.8377778,-76.6052778,3,4.5
257,batheaston,51.408889,-2.318611,3,4.5
457,locust lane gardens,40.2961111,-76.7866667,4,4.5
117,rutland,42.8788889,-89.35,4,4
481,woodlawn meadows,38.7236111,-77.4508333,5,4.5
65,lamberts acres,39.5472222,-77.275,4,4.5
475,bexar,29.4830556,-98.1705556,4,4
496,chuckery corners,43.0322222,-75.3294444,5,4.5
702,east wellington,39.5491,-110.7282,5,5
782,smearny,33.3972222,-92.0161111,5,4.5
57,condon,36.1811111,-83.7938889,4,4
400,loxbear,50.933333,-3.55,4,4
833,eben,44.6269444,-75.0655556,4,4.5
773,ney,41.3811111,-84.5227778,5,4
541,chilly,44.0777778,-113.8780556,4,3.5
636,tydings,39.1483333,-76.5916667,4,4.5
859,south mill,33.1672222,-104.1438889,4,4.5
663,wico,46.4658333,-89.9633333,3,4
572,north church corner,43.5052778,-76.2322222,4,4.5
288,wrens,33.2075,-82.3919444,3,4
720,rushboro,41.7325,-76.0355556,4,4.5
352,ellisonville,38.6044444,-82.6469444,3,4
285,sewells gardens,36.8963889,-76.2455556,3,4
933,otranto hills,33.5530556,-84.4566667,4,4.5
701,hammerhead,51.8486111,-176.6416667,4,4
656,parole,38.9794444,-76.5308333,5,4.5
317,glendower,37.8372222,-78.5438889,4,4.5
427,ossun,30.2758333,-92.1122222,4,4.5
414,eastwood manor,42.3455556,-88.2411111,3,4.5
626,gribble,32.9002778,-96.9102778,3,4
620,bowdertown,40.7608333,-78.8480556,3,4
50,east providence,41.8136111,-71.3705556,4,4.5
157,llansilin,52.833333,-3.183333,4,4.5
673,alden center,42.9111111,-78.5236111,4,4
635,flamingo heights,34.2405556,-116.4380556,4,4
973,menheniot,50.433333,-4.416667,4,4.5
258,lankford town,35.2494444,-85.7372222,4,4.5
515,hassocks,50.916667,-0.133333,4,4
499,deandale,40.3091667,-80.6166667,4,4
604,red hill estates,39.7130556,-76.1880556,3,4
455,kandiyohi,45.1322222,-94.9308333,5,4.5
290,mcdaniel heights,39.8022222,-75.5483333,4,4
642,colonial manor trailer park,39.0327778,-76.4655556,4,3.5
355,reynard,31.4102778,-95.6544444,4,3.5
490,nafonong,7.3411111,151.6305556,4,4
754,kintail,57.216667,-5.45,4,4
116,tab,40.4111111,-87.4727778,4,4
82,upton bishop,51.95,-2.516667,4,4.5
38,goldmine estates,39.4111111,-77.4805556,3,4
853,parque,18.4547222,-66.0605556,5,4.5
736,knocknacarry,55.116667,-6.05,4,4.5
819,adeline,29.8727778,-91.5908333,3,4
603,clarksbrook estates,39.2336111,-77.2672222,3,4
823,wold newton,53.45,-0.133333,3,4
151,old dime box,30.3769444,-96.8627778,4,4.5
831,waipahoehoe,19.6041667,-155.0111111,4,4
976,hartsville junction,36.4494444,-86.3266667,4,4
589,valley mills,39.3177778,-81.4433333,4,4.5
817,sannuk,7.345,151.8308333,4,4
640,shenandoah park,30.4027778,-91.0038889,4,4.5
139,mize,31.8683333,-89.5558333,4,3.5
507,strawberry,33.0913889,-80.0308333,4,4.5
679,great wilbraham,52.183333,0.25,4,3.5
426,woburn estates,39.5116667,-77.7958333,3,4.5
881,shelby,43.7691667,-91.1608333,4,4
535,middle island,40.8841667,-72.9377778,4,4
840,lax,31.4730556,-83.1216667,4,4
890,shipetown,36.0744444,-83.7630556,4,3.5
683,sippo heights,40.8052778,-81.5025,4,4
841,fords corner,31.4816667,-94.0058333,3,4
387,imboden,36.8866667,-82.8047222,4,4.5
844,sieben,18.3327778,-64.7608333,4,4.5
476,dibaig,57.566667,-5.666667,3,4
616,taunton,43.0305556,-76.2091667,3,4
441,haslingfield,52.15,0.066667,4,4
296,rhoadesville,38.2733333,-77.9286111,4,4
575,thame,51.75,-0.983333,4,4.5
323,cranberry,37.8216667,-81.1952778,3,4
876,bohemian,29.5436111,-89.7555556,4,4.5
53,mahto,45.7586111,-100.6758333,4,4.5
530,peever flats,45.5238889,-96.9355556,4,4
988,north gage,43.2255556,-75.1263889,3,4.5
114,swalecliffe,51.35,1.066667,4,4.5
163,southerndown,51.452778,-3.611667,3,4.5
845,saltley,52.483333,-1.85,3,4
787,stratton mountain,43.1166667,-72.9069444,4,4
98,chardon,17.9755556,-66.4302778,4,4
86,flucom,38.1011111,-90.4425,4,4.5
884,barron corner,44.8208333,-69.845,3,4.5
788,gussage,50.9,-2.016667,4,4
781,carlton hills,32.8527778,-116.9938889,3,4
605,buddle,36.9180556,-80.8483333,5,4.5
492,hawthorne acres,39.3708333,-77.1916667,4,4
180,cwmbach,51.705556,-3.409444,4,3.5
511,vulcan,37.5522222,-82.1261111,4,4
529,sells,34.0669444,-83.7227778,3,3.5
907,jardines de arecibo,18.4725,-66.7513889,5,4.5
150,clarence perkins homes,39.2875,-76.5972222,2,3.5
634,brady heights,33.8916667,-80.3338889,4,4
380,pannaway manor,43.0644444,-70.8016667,3,4.5
200,downe,51.316667,0.05,3,3.5
333,zora,39.7308333,-77.3688889,4,4
698,mccauleyville,46.4416667,-96.7075,2,3
164,saint peter extra,51.366667,1.416667,4,4
320,east arboga,39.0569444,-121.5505556,4,4.5
238,little nahant,42.4361111,-70.9333333,2,2.5
710,pearlington,30.2463889,-89.6111111,5,4.5
424,mccosh mill,33.1077778,-85.2358333,4,3.5
103,cumings,29.5780556,-95.7986111,4,4
631,cotterstock,52.5,-0.45,4,4
169,riggs ford,31.2177778,-97.6544444,4,4
581,derryboy,54.433333,-5.716667,4,3.5
445,wyvenhoe,51.85,0.966667,5,4.5
794,west smithfield,35.5269444,-78.3555556,5,4.5
932,queen junction,40.9691667,-79.9291667,5,4.5
665,mcquinn estates,40.4375,-86.9588889,5,5
8,heiskell,36.0816667,-84.0538889,4,4.5
803,ronalee hills,39.2519444,-77.1930556,5,4.5
940,tralee,37.5572222,-81.4008333,5,4.5
767,jones road subdivision,32.7277778,-83.7163889,5,4.5
737,woodlake junction,36.4138889,-119.1158333,5,4.5
268,mounds,35.8763889,-96.0608333,3,4
655,crestmont heights,35.3130556,-81.5394444,4,4
723,arrowhead highlands,34.23,-117.2619444,4,4
41,othello,46.8261111,-119.1741667,4,3.5
201,southill,52.05,-0.3,2,3
596,little killarney beach,43.6841667,-83.9177778,4,4
55,rancho grande estates,33.6855556,-108.8613889,4,4.5
812,homestead meadows,31.8416667,-106.1752778,4,3.5
31,belspring,37.1908333,-80.6083333,3,4.5
776,erskine,43.4330556,-103.5644444,3,3.5
648,parlier,36.6116667,-119.5261111,3,4
450,moores fork,39.1963889,-84.0227778,4,4.5
561,westview hills,38.7763889,-77.2152778,4,4
233,noyo,39.4283333,-123.8022222,5,4.5
442,yeoho,39.5713889,-76.7219444,4,4
968,tracy creek,42.0194444,-76.0802778,4,4.5
751,ladbroke,52.216667,-1.383333,4,4.5
697,prosperine,37.7927778,-92.7661111,4,4.5
60,lydallville,41.7952778,-72.4908333,4,4.5
312,east brewster,41.7680556,-70.0602778,4,4
753,diehlstadt,36.9583333,-89.4308333,5,4.5
68,bristol wood,33.5108333,-82.0541667,4,4.5
918,misty meadows,39.6219444,-76.0805556,5,4.5
522,gilman,45.1666667,-90.8075,3,4
489,saint martinville,30.125,-91.8333333,4,4
24,brohard,39.0363889,-81.1763889,5,4.5
482,west mount vernon,40.9122222,-73.8483333,5,4.5
807,scotty place,41.1241667,-120.8727778,5,4.5
341,evans heights housing project,41.1361111,-88.8152778,5,4
576,west atherton,39.6088889,-87.3708333,5,4.5
889,fairfield bay,35.5941667,-92.2777778,3,4
20,cass lake,47.3794444,-94.6038889,4,4
902,stoney knob,35.68,-82.5727778,4,4
429,watoola,32.4644444,-85.3525,3,3.5
986,locker,31.3794444,-103.5255556,4,4
527,millbach springs,40.3111111,-76.2433333,4,4.5
880,sully springs,46.8672222,-103.3911111,4,4.5
924,olive grove,35.5430556,-81.5838889,4,4
935,moors,39.7194444,-94.3919444,4,4.5
786,umpqua,43.3655556,-123.4672222,4,4
245,rosedale abbey,54.35,-0.883333,4,4
508,lugoff,34.2272222,-80.6894444,2,2.5
800,smarts corner,44.6761111,-69.2944444,4,4.5
886,keills,55.95,-5.7,4,4.5
696,hartshill,51.533333,-1.516667,4,4.5
811,still waters,32.745,-85.8075,5,4.5
590,wilkerson landing,36.8719444,-76.5183333,5,4.5
748,cairndow,56.25,-4.933333,4,4.5
718,clementown mills,37.4408333,-78.0905556,4,4
934,green-mar acres,25.6705556,-80.3430556,4,4
815,gardner,37.9230556,-80.3486111,5,4.5
913,rebuck,40.7222222,-76.7358333,4,4
503,sinking spring,40.3272222,-76.0113889,3,4.5
670,gladeville,36.1125,-86.4163889,3,4
694,key colony beach,24.7205556,-81.0188889,4,4.5
772,clouds,36.4591667,-83.6491667,3,4
495,jones city,40.8813889,-84.1816667,4,4
872,flamewood,39.1663889,-76.9069444,4,4
688,kentucky,46.2652778,-86.6308333,4,4.5
569,airedale,37.6025,-83.6394444,3,4
524,ynys mon,53.25,-4.333333,4,4
37,near acres estates,33.7105556,-86.5811111,5,4.5
316,odessadale,33.0158333,-84.8130556,3,3
342,whissonsett,52.766667,0.85,3,4
291,rodwell,50.6,-2.45,3,4.5
47,beaver pond,38.9394444,-83.3463889,4,4.5
478,north woodridge,38.945,-76.9736111,4,3.5
413,twin pines,36.8788889,-76.3922222,4,4.5
657,double springs,35.3211111,-84.6347222,4,4.5
133,kirkpatrick landing,32.6188889,-87.8544444,5,5
983,winnetoon,42.5125,-97.9605556,5,4.5
110,lake forest,36.7716667,-76.53,4,4.5
361,stayman,47.7658333,-120.0886111,4,4.5
502,miakka,27.3194444,-82.275,4,3.5
985,bitchfield,52.833333,-0.516667,3,4
385,tri-state mobile home park,38.6969444,-75.1686111,4,4.5
715,brown deer,43.1633333,-87.9644444,4,4.5
644,sunnymeadows,33.3844444,-86.7125,4,4.5
83,coston,52.783333,-0.733333,3,3.5
302,worthington springs,29.9291667,-82.4236111,3,3.5
188,seven hills,17.7477778,-64.6516667,3,3.5
851,ngatmel,7.7202778,134.6252778,4,3.5
727,west eminence,37.1402778,-91.3744444,3,3.5
681,clocaenog,53.066667,-3.383333,3,3.5
706,valtos,58.216667,-6.95,3,4
247,llanwrtyd wells,52.1,-3.633333,3,4
54,sileby,52.716667,-1.1,4,4.5
207,merle,30.4491667,-96.4622222,5,4
90,south gap,37.2166667,-81.0883333,4,4.5
992,glasgow court,39.6222222,-75.6986111,4,4
277,crosland park,33.5816667,-81.7011111,5,4.5
25,st. clair shores,42.4969444,-82.8888889,3,3
184,bron-nant,52.283333,-3.983333,3,4
70,cleverdale,43.4772222,-73.6430556,3,4
552,broombro,53.316667,-2.983333,3,3
849,lichty,46.2927778,-119.9519444,4,4.5
981,washington mills,39.6475,-84.0469444,4,4.5
73,schoonhoven park,41.1441667,-73.2283333,3,4
209,kings somborne,51.066667,-1.483333,4,4
